date;steps;distance;runDistance;calories
2018-02-22;11250;7906;432;267
2018-02-23;10129;7476;2848;325
2018-02-24;13325;9350;669;311
2018-02-25;10903;7461;720;256
2018-02-26;4283;2882;318;106
2018-02-27;13402;10164;3842;433
2018-02-28;6001;4101;570;142
2018-03-01;8433;5772;717;203
2018-03-02;12340;9171;2786;365
2018-03-03;15317;10917;544;368
2018-03-04;7331;5121;375;174
2018-03-05;14092;10838;4567;482
2018-03-06;6529;4486;401;150
2018-03-07;8929;6493;1843;254
2018-03-08;8590;6043;1167;217
2018-03-09;9016;6085;662;207
2018-03-10;5176;3491;311;120
2018-03-11;7964;5615;877;200
2018-03-12;5041;3432;515;129
2018-03-13;10447;7628;2274;309
2018-03-14;7748;5337;393;183
2018-03-15;16176;12508;4560;550
2018-03-16;7354;5025;567;171
2018-03-17;9748;6597;559;213
2018-03-18;7404;5181;423;174
2018-03-19;6185;4198;592;151
2018-03-20;9049;6399;508;223
2018-03-21;12302;8453;730;282
2018-03-22;8499;5910;463;199
2018-03-23;7304;5104;781;184
2018-03-24;5944;4010;522;139
2018-03-25;14642;9963;816;322
2018-03-26;15029;10336;722;330
2018-03-27;7825;5265;787;185
2018-03-28;7820;5320;450;176
2018-03-29;7725;5274;599;171
2018-03-30;12096;9293;3833;411
2018-03-31;9241;6350;411;205
2018-04-01;14665;10660;2389;394
2018-04-02;8663;6056;459;201
2018-04-03;13457;9763;2629;377
2018-04-04;13689;9305;798;299
2018-04-05;12042;8178;714;257
2018-04-06;12492;9141;2151;347
2018-04-07;10047;7097;621;246
2018-04-08;9084;6413;402;217
2018-04-09;7876;5479;575;188
2018-04-10;14702;10766;3128;421
2018-04-11;8321;5756;632;191
2018-04-12;13574;9969;2292;373
2018-04-13;8091;5475;513;171
2018-04-14;9607;6505;866;210
2018-04-15;9322;6445;632;212
2018-04-16;15743;10786;469;350
2018-04-17;13160;8876;688;293
2018-04-18;12149;8407;584;276
2018-04-19;8339;5693;658;195
2018-04-20;7670;5320;574;186
2018-04-21;9130;6205;583;204
2018-04-22;10577;7370;745;256
2018-04-23;15922;11682;2481;432
2018-04-24;11067;7623;703;252
2018-04-25;4878;3300;340;110
2018-04-26;7849;5369;535;174
2018-04-27;9254;6435;586;214
2018-04-28;16903;11674;907;364
2018-04-29;4635;3161;494;119
2018-04-30;11003;8102;537;286
2018-05-01;15838;10793;760;346
2018-05-02;5250;3575;321;122
2018-05-03;11170;7783;811;254
2018-05-04;7778;5277;751;183
2018-05-05;4833;3259;433;113
2018-05-06;10242;7373;333;250
2018-05-07;7750;5548;344;193
2018-05-08;5983;4070;468;135
2018-05-09;6888;4724;437;155
2018-05-10;7767;5269;672;179
2018-05-11;9230;6407;753;216
2018-05-12;13041;9221;742;307
2018-05-13;5703;3921;363;130
2018-05-14;6417;4376;397;142
2018-05-15;5059;3404;472;118
2018-05-16;9492;7131;2749;311
2018-05-17;10403;7306;483;249
2018-05-18;9229;6425;475;217
2018-05-19;9197;6343;340;214
2018-05-20;11142;7835;221;252
2018-05-21;9994;7038;619;236
2018-05-22;12215;8625;583;287
2018-05-23;13026;9398;437;311
2018-05-24;5160;3592;327;124
2018-05-25;6735;4651;391;152
2018-05-26;8595;5951;824;211
2018-05-27;4043;2727;492;99
2018-05-28;23900;16837;868;542
2018-05-29;15544;11207;1736;403
2018-05-30;17496;12731;512;425
2018-05-31;14280;9856;828;319
2018-06-01;20023;14033;751;447
2018-06-02;24675;17748;793;575
2018-06-03;5253;3564;409;123
2018-06-04;8814;6227;437;217
2018-06-05;7815;5277;511;176
2018-06-06;7015;4838;477;160
2018-06-07;9443;6669;641;226
2018-06-08;7652;5287;642;187
2018-06-09;9340;6529;557;227
2018-06-10;5429;3675;374;124
2018-06-11;14233;10307;591;335
2018-06-12;11331;8021;439;263
2018-06-13;8183;5838;338;191
2018-06-14;10062;7258;523;240
2018-06-15;11720;8306;431;270
2018-06-16;5000;22;7;1
2018-06-17;5000;;;
2018-06-18;5000;;;
2018-06-19;5000;;;
2018-06-20;5000;;;
2018-06-21;5000;;;
2018-06-22;5000;;;
2018-06-23;5000;;;
2018-06-24;5000;;;
2018-06-25;5000;;;
2018-06-26;5000;34;6;1
2018-06-27;6807;4596;480;140
2018-06-28;21308;14799;666;472
2018-06-29;29087;20759;646;655
2018-06-30;21713;15617;589;508
2018-07-01;13902;10020;226;322
2018-07-02;9733;6915;352;225
2018-07-03;5504;4055;1036;150
2018-07-04;8864;6004;449;189
2018-07-05;5008;3382;434;108
2018-07-06;8733;5980;662;191
2018-07-07;10705;7741;2223;299
2018-07-08;8500;6785;3715;317
2018-07-09;6303;4320;395;144
2018-07-10;11168;8192;547;268
2018-07-11;13079;10265;5112;464
2018-07-12;8927;6095;913;210
2018-07-13;13226;10054;1882;378
2018-07-14;10098;7574;1425;279
2018-07-15;9226;6304;678;204
2018-07-16;10971;7892;1138;262
2018-07-17;10006;7213;535;237
2018-07-18;13079;9447;724;314
2018-07-19;17399;13348;3163;518
2018-07-20;2606;1753;255;58
2018-07-21;6576;4479;531;153
2018-07-22;6750;4712;298;152
2018-07-23;6416;4410;462;147
2018-07-24;8405;5735;441;177
2018-07-25;8018;5511;411;173
2018-07-26;14024;10310;606;347
2018-07-27;5869;4137;331;139
2018-07-28;4618;3131;346;101
2018-07-29;10446;7538;451;255
2018-07-30;11039;8036;447;255
2018-07-31;9846;7356;2085;283
2018-08-01;10816;7589;674;257
2018-08-02;10071;7152;343;225
2018-08-03;5918;4018;530;133
2018-08-04;12686;9882;4941;432
2018-08-05;5905;4098;504;133
2018-08-06;10322;7333;787;246
2018-08-07;7737;5334;361;164
2018-08-08;7317;5091;472;164
2018-08-09;7759;5413;598;175
2018-08-10;3743;2524;263;80
2018-08-11;10373;7182;526;223
2018-08-12;9009;6107;665;206
2018-08-13;9858;6939;542;222
2018-08-14;5483;3727;401;121
2018-08-15;4257;2864;258;99
2018-08-16;5972;4109;360;125
2018-08-17;7872;5564;1349;201
2018-08-18;10161;6906;711;222
2018-08-19;9065;6100;579;197
2018-08-20;6243;4327;262;140
2018-08-21;4337;2939;298;96
2018-08-22;8056;5493;782;181
2018-08-23;21403;14880;555;479
2018-08-24;23031;15686;457;485
2018-08-25;4752;3213;351;108
2018-08-26;14283;9830;542;304
2018-08-27;4124;2815;259;95
2018-08-28;6402;4597;498;156
2018-08-29;7173;4896;320;155
2018-08-30;4812;3291;425;110
2018-08-31;5457;3739;423;124
2018-09-01;10015;7625;3071;324
2018-09-02;9078;7065;2752;303
2018-09-03;5578;3787;524;125
2018-09-04;6118;4373;399;151
2018-09-05;11576;8977;4326;401
2018-09-06;4768;3321;459;109
2018-09-07;7885;6187;3143;286
2018-09-08;4967;3601;392;121
2018-09-09;4971;3350;434;118
2018-09-10;10740;7407;762;247
2018-09-11;5490;3721;707;132
2018-09-12;16741;11582;447;362
2018-09-13;21248;14752;512;458
2018-09-14;13586;9658;215;300
2018-09-15;13266;9283;492;293
2018-09-16;10533;7290;228;226
2018-09-17;13678;9621;407;307
2018-09-18;17908;12873;278;411
2018-09-19;12216;8601;319;279
2018-09-20;14416;10355;284;338
2018-09-21;8817;6402;220;210
2018-09-22;11225;7734;364;250
2018-09-23;23197;16525;521;517
2018-09-24;3710;2507;390;88
2018-09-25;4074;2757;411;99
2018-09-26;4573;3249;291;111
2018-09-27;4455;3031;440;100
2018-09-28;2945;2035;212;68
2018-09-29;7010;5085;1673;192
2018-09-30;7159;5288;1811;212
2018-10-01;6376;4693;1418;186
2018-10-02;5890;4066;489;136
2018-10-03;2236;1520;239;53
2018-10-04;12641;9661;364;314
2018-10-05;5217;3586;331;116
2018-10-06;11015;7542;323;232
2018-10-07;5032;3467;331;113
2018-10-08;7385;5182;565;170
2018-10-09;9185;6656;595;233
2018-10-10;14290;10853;477;384
2018-10-11;7053;4924;429;159
2018-10-12;4209;2909;662;102
2018-10-13;12427;9460;259;313
2018-10-14;1848;1260;205;44
2018-10-15;5206;3734;319;128
2018-10-16;6717;4627;587;156
2018-10-17;8197;5686;296;182
2018-10-18;6145;4280;378;136
2018-10-19;8643;6197;510;211
2018-10-20;5603;3815;648;128
2018-10-21;6924;4708;504;149
2018-10-22;8111;5963;500;200
2018-10-23;4455;3019;349;101
2018-10-24;2579;1795;227;59
2018-10-25;4630;3146;528;103
2018-10-26;5558;3807;350;122
2018-10-27;5086;3554;365;111
2018-10-28;10607;7273;733;226
2018-10-29;4305;2916;348;96
2018-10-30;12203;8992;464;293
2018-10-31;8302;5907;398;197
2018-11-01;7230;5188;500;174
2018-11-02;7613;5368;419;172
2018-11-03;5187;3565;481;118
2018-11-04;8021;5403;686;174
2018-11-05;4472;3112;257;104
2018-11-06;5038;3432;250;108
2018-11-07;8102;5468;699;169
2018-11-08;8451;6100;431;211
2018-11-09;4755;3216;325;96
2018-11-10;2316;1560;185;56
2018-11-11;1796;1208;165;42
2018-11-12;2064;1389;245;49
2018-11-13;5683;4009;364;134
2018-11-14;2623;1785;284;62
2018-11-15;5054;3476;359;110
2018-11-16;6048;4172;645;137
2018-11-17;5095;3453;418;107
2018-11-18;7814;5489;563;185
2018-11-19;12764;9016;683;298
2018-11-20;13059;9661;734;342
2018-11-21;10167;7432;556;262
2018-11-22;10065;7387;380;243
2018-11-23;15051;11086;689;370
2018-11-24;19631;14469;341;463
2018-11-25;8524;6335;359;214
2018-11-26;8301;5896;344;198
2018-11-27;7836;5856;356;208
2018-11-28;10515;8154;454;303
2018-11-29;10310;7518;701;256
2018-11-30;10750;7870;587;271
2018-12-01;9705;7070;641;267
2018-12-02;17561;12989;454;426
2018-12-03;9083;6581;452;224
2018-12-04;11125;8135;738;285
2018-12-05;11448;8203;928;288
2018-12-06;9643;7074;611;256
2018-12-07;10575;7427;957;245
2018-12-08;20082;15251;616;550
2018-12-09;13514;9918;1175;393
2018-12-10;11369;8373;550;288
2018-12-11;10940;7911;572;277
2018-12-12;15996;11489;854;378
2018-12-13;7808;5538;666;199
2018-12-14;11025;7935;637;284
2018-12-15;6340;4572;534;183
2018-12-16;8436;6196;600;230
2018-12-17;8908;6640;410;235
2018-12-18;7757;5590;624;197
2018-12-19;7374;5458;537;205
2018-12-20;5937;4378;494;157
2018-12-21;27450;20233;774;681
2018-12-22;8918;6156;460;202
2018-12-23;7576;5159;548;171
2018-12-24;11614;8040;644;257
2018-12-25;10427;7178;511;231
2018-12-26;11093;7506;302;237
2018-12-27;4140;2811;408;101
2018-12-28;14495;10690;595;359
2018-12-29;8044;5522;371;178
2018-12-30;10294;6986;484;220
2018-12-31;15065;11657;453;419
2019-01-01;7086;4839;559;162
2019-01-02;10787;7715;840;262
2019-01-03;9270;6632;690;233
2019-01-04;9155;6585;699;238
2019-01-05;11993;9039;546;327
2019-01-06;2044;1375;270;49
2019-01-07;10076;7675;449;281
2019-01-08;10693;7919;573;285
2019-01-09;10055;7465;658;271
2019-01-10;9382;6970;420;243
2019-01-11;9208;6854;540;255
2019-01-12;12487;9478;435;340
2019-01-13;12910;9574;331;307
2019-01-14;6940;4991;478;178
2019-01-15;15705;11940;898;455
2019-01-16;13240;10040;418;352
2019-01-17;16443;12241;805;434
2019-01-18;14586;11015;519;393
2019-01-19;10632;7832;512;284
2019-01-20;7963;5857;525;224
2019-01-21;8848;6549;443;228
2019-01-22;11108;8138;645;281
2019-01-23;9444;6882;698;236
2019-01-24;6849;4997;509;182
2019-01-25;9180;6820;484;239
2019-01-26;14521;11052;560;403
2019-01-27;12378;9145;786;332
2019-01-28;7445;5534;564;216
2019-01-29;8310;6182;424;227
2019-01-30;7206;5245;469;184
2019-01-31;9554;7167;650;270
2019-02-01;8334;6044;719;213
2019-02-02;7975;5801;512;205
2019-02-03;10750;8062;476;272
2019-02-04;9498;6921;613;245
2019-02-05;13804;10543;579;395
2019-02-06;15539;11917;705;431
2019-02-07;24380;18193;428;592
2019-02-08;19313;14364;481;465
2019-02-09;10982;8230;385;283
2019-02-10;3840;2584;359;88
2019-02-11;16915;12564;1215;462
2019-02-12;10916;7858;472;261
2019-02-13;6396;4338;698;142
2019-02-14;6859;4752;518;151
2019-02-15;5011;3396;437;109
2019-02-16;5313;3701;429;124
2019-02-17;7116;4932;518;162
2019-02-18;7751;5356;455;169
2019-02-19;4266;2870;408;91
2019-02-20;5823;4191;275;154
2019-02-21;8075;5706;614;186
2019-02-22;2870;1953;320;65
2019-02-23;3991;2794;408;98
2019-02-24;8500;6084;1001;205
2019-02-25;6617;4510;552;149
2019-02-26;7202;5009;511;160
2019-02-27;7265;4888;526;158
2019-02-28;7179;5169;477;173
2019-03-01;11447;8474;393;271
2019-03-02;5306;3632;520;121
2019-03-03;10431;7443;660;243
2019-03-04;9011;6501;378;208
2019-03-05;5276;3659;422;119
2019-03-06;10561;7564;564;247
2019-03-07;10272;7383;387;244
2019-03-08;6900;4821;478;156
2019-03-09;12419;8698;608;282
2019-03-10;3661;2558;230;81
2019-03-11;5144;3466;376;111
2019-03-12;20053;14353;472;456
2019-03-13;13449;10135;487;351
2019-03-14;18045;13689;396;459
2019-03-15;10672;7813;549;268
2019-03-16;7611;5132;834;164
2019-03-17;10155;7171;688;232
2019-03-18;11764;7966;835;248
2019-03-19;8556;5820;462;180
2019-03-20;4076;2747;403;88
2019-03-21;5580;3789;399;119
2019-03-22;4110;2784;338;92
2019-03-23;2879;1950;214;66
2019-03-24;6135;4203;471;134
2019-03-25;5181;3550;466;120
2019-03-26;12542;9216;746;306
2019-03-27;10567;7864;236;263
2019-03-28;16747;12328;409;420
2019-03-29;10012;7423;410;260
2019-03-30;4948;3424;305;115
2019-03-31;5820;3931;408;126
2019-04-01;12719;9648;447;345
2019-04-02;10931;7989;541;281
2019-04-03;9292;6394;743;207
2019-04-04;10944;7797;767;254
2019-04-05;8559;6086;618;204
2019-04-06;5811;3944;485;132
2019-04-07;16007;11306;465;356
2019-04-08;5241;3557;417;111
2019-04-09;17614;13286;1053;451
2019-04-10;9708;6553;857;206
2019-04-11;4001;2720;429;99
2019-04-12;3981;2679;411;85
2019-04-13;15771;11717;410;375
2019-04-14;3371;2268;382;80
2019-04-15;6086;4147;454;137
2019-04-16;3022;2053;302;69
2019-04-17;12080;8996;483;293
2019-04-18;8472;6267;610;207
2019-04-19;7240;5275;495;181
2019-04-20;5959;4285;439;154
2019-04-21;5219;3573;369;119
2019-04-22;6844;4697;281;146
2019-04-23;3692;2534;331;84
2019-04-24;5598;3822;374;124
2019-04-25;4265;2882;430;104
2019-04-26;6875;4699;451;156
2019-04-27;9462;6397;735;194
2019-04-28;15572;10677;469;334
2019-04-29;3478;2389;348;81
2019-04-30;4531;3067;334;102
2019-05-01;4302;2936;250;93
2019-05-02;8704;6078;487;191
2019-05-03;6227;4208;210;133
2019-05-04;10792;7663;352;237
2019-05-05;4029;2717;369;85
2019-05-06;7478;5034;512;167
2019-05-07;7282;5147;486;171
2019-05-08;12561;9434;250;303
2019-05-09;6705;4539;671;144
2019-05-10;6907;4734;562;148
2019-05-11;7249;5049;372;164
2019-05-12;6556;4445;492;137
2019-05-13;7540;5257;516;166
2019-05-14;11011;8273;178;264
2019-05-15;9248;6629;588;229
2019-05-16;5532;3740;380;120
2019-05-17;10054;7332;539;247
2019-05-18;9378;6407;570;197
2019-05-19;17613;13057;538;416
2019-05-20;8753;6092;532;196
2019-05-21;5292;3573;475;116
2019-05-22;13269;9652;565;317
2019-05-23;11999;8426;822;276
2019-05-24;14181;9657;923;292
2019-05-25;8131;5563;749;182
2019-05-26;14303;9941;456;312
2019-05-27;8611;6551;320;227
2019-05-28;9163;6330;942;226
2019-05-29;4016;2783;421;98
2019-05-30;10249;7618;633;272
2019-05-31;9164;6306;902;223
2019-06-01;15217;10686;972;346
2019-06-02;9039;6216;677;199
2019-06-03;4893;3308;432;111
2019-06-04;6245;4248;635;148
2019-06-05;7075;4788;688;171
2019-06-06;7440;5029;743;181
2019-06-07;8314;5950;701;207
2019-06-08;12330;8628;593;280
2019-06-09;7876;5580;281;176
2019-06-10;6766;4597;755;163
2019-06-11;8009;5599;718;202
2019-06-12;8466;5817;843;210
2019-06-13;8057;5544;741;191
2019-06-14;8234;5629;754;190
2019-06-15;12095;8685;622;283
2019-06-16;9393;6696;326;217
2019-06-17;8044;5467;790;190
2019-06-18;10634;7268;997;248
2019-06-19;13527;9239;988;307
2019-06-20;7149;4948;589;161
2019-06-21;14231;9889;473;306
2019-06-22;19147;13385;565;416
2019-06-23;10737;7309;454;226
2019-06-24;11003;7494;361;230
2019-06-25;6426;4372;255;135
2019-06-26;6523;4482;248;142
2019-06-27;5304;3611;187;113
2019-06-28;5471;3711;309;119
2019-06-29;6733;4581;276;143
2019-06-30;14166;9664;592;302
2019-07-01;10532;7257;996;242
2019-07-02;8148;5593;696;197
2019-07-03;6476;4484;596;158
2019-07-04;6130;4189;488;144
2019-07-05;7619;5249;520;176
2019-07-06;10845;7447;908;249
2019-07-07;12860;9356;404;298
2019-07-08;9676;6745;814;229
2019-07-09;10325;7158;720;245
2019-07-10;8232;5653;695;195
2019-07-11;7677;5483;616;199
2019-07-12;12751;8893;849;293
2019-07-13;8500;5954;481;195
2019-07-14;10919;7764;657;263
2019-07-15;10089;6952;860;229
2019-07-16;7140;4931;682;175
2019-07-17;7366;4997;546;167
2019-07-18;7846;5339;547;179
2019-07-19;6802;4630;572;153
2019-07-20;12311;8867;716;289
2019-07-21;9717;6650;789;213
2019-07-22;10476;7155;914;231
2019-07-23;5234;3586;428;122
2019-07-24;7284;5059;585;180
2019-07-25;7837;5316;695;176
2019-07-26;13132;9261;536;294
2019-07-27;10071;7250;350;228
2019-07-28;14832;10496;961;345
2019-07-29;14483;9907;1133;334
2019-07-30;4909;3318;552;116
2019-07-31;6096;4150;502;135
2019-08-01;6657;4651;550;159
2019-08-02;8150;5656;551;186
2019-08-03;10124;7582;406;252
2019-08-04;4299;2893;388;98
2019-08-05;6920;4773;475;158
2019-08-06;6385;4354;397;146
2019-08-07;3322;2243;377;83
2019-08-08;12425;9172;403;302
2019-08-09;10923;8184;446;287
2019-08-10;9219;6232;655;204
2019-08-11;7949;5387;586;176
2019-08-12;11597;8003;516;255
2019-08-13;9084;6313;550;200
2019-08-14;5388;3659;466;118
2019-08-15;8752;5945;531;190
2019-08-16;11074;7697;965;251
2019-08-17;5738;3866;459;125
2019-08-18;3147;2175;295;73
2019-08-19;7674;5517;551;198
2019-08-20;7317;4999;668;169
2019-08-21;8762;6257;537;210
2019-08-22;9225;6658;606;225
2019-08-23;7120;4946;598;171
2019-08-24;12551;8591;1109;278
2019-08-25;7227;4903;588;161
2019-08-26;9004;6335;680;220
2019-08-27;7042;4810;647;167
2019-08-28;8855;6047;855;208
2019-08-29;6135;4199;508;143
2019-08-30;5716;3897;491;128
2019-08-31;11899;8406;308;261
2019-09-01;7287;4988;580;166
2019-09-02;6281;4297;592;148
2019-09-03;9636;6830;615;230
2019-09-04;2051;1380;161;50
2019-09-05;11054;8007;706;267
2019-09-06;15930;12323;572;452
2019-09-07;10782;7484;602;240
2019-09-08;8443;5855;514;189
2019-09-09;3684;2487;348;87
2019-09-10;9203;6374;756;218
2019-09-11;12339;8850;603;297
2019-09-12;13637;9498;356;293
2019-09-13;14644;10111;417;316
2019-09-14;9025;6235;191;195
2019-09-15;8712;6161;322;200
2019-09-16;8086;5620;237;180
2019-09-17;8237;5673;328;179
2019-09-18;5340;3673;451;129
2019-09-19;10172;7260;493;244
2019-09-20;8519;6021;700;220
2019-09-21;5121;3465;504;125
2019-09-22;4815;3259;368;117
2019-09-23;5052;3526;516;126
2019-09-24;5429;3761;583;129
2019-09-25;7248;4992;785;178
2019-09-26;7858;5413;610;186
2019-09-27;7070;4866;583;169
2019-09-28;4348;3008;468;103
2019-09-29;2885;1986;157;66
2019-09-30;6587;4507;616;163
2019-10-01;11638;7919;506;255
2019-10-02;6375;4455;476;156
2019-10-03;8664;5968;730;211
2019-10-04;8640;6081;390;202
2019-10-05;3259;2229;361;81
2019-10-06;7800;5328;832;188
2019-10-07;5537;3827;511;137
2019-10-08;8160;5578;646;192
2019-10-09;6950;4745;744;171
2019-10-10;10276;7239;810;254
2019-10-11;7391;5006;613;166
2019-10-12;10162;6943;579;223
2019-10-13;8309;6019;191;188
2019-10-14;6671;4549;556;158
2019-10-15;5809;3985;474;137
2019-10-16;7343;5079;528;175
2019-10-17;5856;3988;465;136
2019-10-18;7533;5237;580;188
2019-10-19;5745;4091;292;138
2019-10-20;6607;4968;258;170
2019-10-21;6647;4525;737;167
2019-10-22;11276;7955;632;265
2019-10-23;9261;6454;591;221
2019-10-24;3977;2834;313;93
2019-10-25;7627;5247;593;179
2019-10-26;9304;6393;297;194
2019-10-27;6859;4839;333;160
2019-10-28;5565;3797;518;139
2019-10-29;5581;3839;731;142
2019-10-30;9754;6710;809;230
2019-10-31;8280;5704;794;201
2019-11-01;25279;18723;867;635
2019-11-02;23805;16799;805;523
2019-11-03;19413;14050;701;448
2019-11-04;18300;13357;717;432
2019-11-05;13290;9602;853;339
2019-11-06;7470;5135;657;185
2019-11-07;5646;3869;633;143
2019-11-08;9042;6211;737;212
2019-11-09;5565;3746;430;126
2019-11-10;3463;2379;337;87
2019-11-11;6285;4552;475;161
2019-11-12;10246;7727;381;261
2019-11-13;10785;7701;527;258
2019-11-14;4545;3150;349;104
2019-11-15;12911;9684;448;341
2019-11-16;5731;4075;431;142
2019-11-17;5964;4070;525;136
2019-11-18;6384;4444;539;152
2019-11-19;3747;2531;401;91
2019-11-20;5814;4256;269;149
2019-11-21;3847;2619;272;87
2019-11-22;10162;7044;678;222
2019-11-23;6782;4604;509;150
2019-11-24;3392;2314;255;82
2019-11-25;4275;2961;325;104
2019-11-26;4568;3091;480;109
2019-11-27;5050;3468;545;125
2019-11-28;6868;4702;624;168
2019-11-29;6374;4329;472;155
2019-11-30;11958;8302;525;272
2019-12-01;7950;5728;413;191
2019-12-02;11788;8644;434;311
2019-12-03;12493;9088;739;332
2019-12-04;6910;4723;677;168
2019-12-05;11937;8280;893;289
2019-12-06;12843;8743;852;291
2019-12-07;14217;10061;628;334
2019-12-08;7817;5365;333;179
2019-12-09;8450;6648;244;255
2019-12-10;5602;3799;466;140
2019-12-11;6678;4556;648;160
2019-12-12;9121;6367;522;233
2019-12-13;6354;4317;435;151
2019-12-14;6331;4316;443;146
2019-12-15;5608;3815;266;121
2019-12-16;7568;5233;473;190
2019-12-17;6762;4670;450;166
2019-12-18;5785;3976;577;140
2019-12-19;6306;4330;363;158
2019-12-20;12359;8863;685;305
2019-12-21;6058;4112;262;132
2019-12-22;4233;3019;164;102
2019-12-23;9299;7111;201;250
2019-12-24;8360;6026;346;219
2019-12-25;22375;15741;586;507
2019-12-26;22007;15399;477;482
2019-12-27;12007;8552;569;276
2019-12-28;14071;10551;584;392
2019-12-29;14729;10793;325;372
2019-12-30;12121;8403;284;264
2019-12-31;7457;5132;698;190
2020-01-01;7120;4952;477;172
2020-01-02;9568;6964;410;260
2020-01-03;7102;4975;442;168
2020-01-04;11894;9192;398;343
2020-01-05;6496;4664;254;153
2020-01-06;4393;3161;173;107
2020-01-07;10485;8086;194;274
2020-01-08;5115;3975;141;154
2020-01-09;6867;5116;279;176
2020-01-10;5305;4017;220;144
2020-01-11;4652;3239;374;118
2020-01-12;6435;4889;188;166
2020-01-13;5922;4453;242;163
2020-01-14;9289;7283;160;258
2020-01-15;6334;5182;156;211
2020-01-16;6444;5188;170;207
2020-01-17;4808;3461;304;125
2020-01-18;7578;5597;613;211
2020-01-19;7012;4752;326;149
2020-01-20;7247;5958;158;238
2020-01-21;6052;4635;152;156
2020-01-22;5697;4393;186;154
2020-01-23;6380;5027;231;188
2020-01-24;5563;4297;211;161
2020-01-25;8151;5521;265;171
2020-01-26;2865;1990;162;66
2020-01-27;13117;9771;227;319
2020-01-28;6582;4570;449;158
2020-01-29;3028;2056;321;78
2020-01-30;3154;2129;165;70
2020-01-31;15622;11854;355;398
2020-02-01;6812;4810;298;167
2020-02-02;10044;7258;527;253
2020-02-03;8391;5848;427;198
2020-02-04;11719;8780;351;305
2020-02-05;4568;3154;414;108
2020-02-06;9384;6887;604;244
2020-02-07;12197;8887;656;305
2020-02-08;4049;2864;365;100
2020-02-09;5832;4141;234;137
2020-02-10;5809;4065;606;143
2020-02-11;3546;2397;458;84
2020-02-12;12884;9241;440;318
2020-02-13;9229;6809;416;239
2020-02-14;9280;6974;205;243
2020-02-15;9912;7867;46;289
2020-02-16;5562;4062;394;154
2020-02-17;5902;4177;221;146
2020-02-18;10486;7481;380;252
2020-02-19;8460;5861;588;194
2020-02-20;9584;6463;725;220
2020-02-21;11280;7782;721;258
2020-02-22;13611;9391;498;298
2020-02-23;3652;2459;344;89
2020-02-24;4802;3294;319;104
2020-02-25;5324;3793;392;131
2020-02-26;7577;5122;816;167
2020-02-27;11318;8049;604;267
2020-02-28;4784;3345;328;113
2020-02-29;3533;2377;271;76
2020-03-01;9261;6307;533;200
2020-03-02;5115;3447;568;123
2020-03-03;7710;5774;248;197
2020-03-04;4628;3344;271;127
2020-03-05;3927;2886;192;105
2020-03-06;4750;3620;179;145
2020-03-07;3291;2230;332;77
2020-03-08;15395;10989;472;367
2020-03-09;10363;7490;444;261
2020-03-10;3843;2617;296;98
2020-03-11;3763;2533;477;92
2020-03-12;14632;11133;404;379
2020-03-13;13045;9726;422;323
2020-03-14;2564;1725;258;53
2020-03-15;18416;13856;632;462
2020-03-16;6372;4572;385;157
2020-03-17;2692;1811;205;63
2020-03-18;2767;1871;182;63
2020-03-19;5676;3830;283;128
2020-03-20;6113;4349;401;148
2020-03-21;5114;3447;553;119
2020-03-22;6249;4426;454;156
2020-03-23;4142;2815;233;91
2020-03-24;4995;3387;466;117
2020-03-25;6426;4337;416;141
2020-03-26;7834;5355;575;176
2020-03-27;7758;5511;350;177
2020-03-28;7927;5336;354;169
2020-03-29;13699;9261;330;284
2020-03-30;7467;5609;195;190
2020-03-31;7110;4804;441;155
2020-04-01;3527;2386;388;80
2020-04-02;4545;3098;351;102
2020-04-03;7966;6007;215;200
2020-04-04;7910;5345;458;172
2020-04-05;15983;11510;454;365
2020-04-06;4806;3255;406;104
2020-04-07;2558;1732;264;56
2020-04-08;5589;3761;287;123
2020-04-09;3285;2216;266;76
2020-04-10;9340;6986;262;229
2020-04-11;6375;4297;653;137
2020-04-12;10033;7352;317;236
2020-04-13;4581;3398;278;115
2020-04-14;4720;3465;224;113
2020-04-15;3262;2232;293;76
2020-04-16;7907;5384;584;172
2020-04-17;5608;4091;318;146
2020-04-18;8658;5919;408;196
2020-04-19;4030;2787;316;92
2020-04-20;2858;1925;299;66
2020-04-21;4900;3508;343;126
2020-04-22;5222;3577;304;117
2020-04-23;4521;3328;203;113
2020-04-24;6967;4704;550;146
2020-04-25;4623;3121;177;99
2020-04-26;5019;3377;414;108
2020-04-27;3667;2492;260;84
2020-04-28;3374;2270;268;77
2020-04-29;2495;1679;203;55
2020-04-30;11966;8953;322;299
2020-05-01;3491;2349;290;75
2020-05-02;10119;6843;597;214
2020-05-03;4501;3044;287;94
2020-05-04;2745;1849;261;58
2020-05-05;7081;4894;383;164
2020-05-06;5428;3662;408;118
2020-05-07;9131;6687;542;220
2020-05-08;6496;4491;416;148
2020-05-09;5047;3410;253;112
2020-05-10;7781;5879;333;212
2020-05-11;9488;6674;571;217
2020-05-12;4146;2802;340;86
2020-05-13;5485;3695;363;114
2020-05-14;6615;4495;602;144
2020-05-15;9036;6622;521;226
2020-05-16;8452;5687;511;178
2020-05-17;5785;3901;328;125
2020-05-18;4613;3133;401;106
2020-05-19;11058;8074;383;260
2020-05-20;5161;3479;433;115
2020-05-21;6917;4815;415;160
2020-05-22;6141;4259;358;137
2020-05-23;11215;7726;510;245
2020-05-24;6663;4491;599;154
2020-05-25;12344;8779;646;290
2020-05-26;4980;3358;257;104
2020-05-27;3012;2032;311;66
2020-05-28;5691;3882;403;120
2020-05-29;4977;3458;412;111
2020-05-30;5363;3629;455;115
2020-05-31;3965;2750;342;91
2020-06-01;5344;3688;198;119
2020-06-02;8358;6170;313;211
2020-06-03;11288;8543;408;303
2020-06-04;4963;3344;524;110
2020-06-05;6011;4268;377;144
2020-06-06;9185;6247;614;198
2020-06-07;5288;3592;377;122
2020-06-08;6432;4509;320;144
2020-06-09;6788;4653;554;152
2020-06-10;10580;7579;438;252
2020-06-11;4978;3421;783;113
2020-06-12;13153;9264;739;298
2020-06-13;8263;5891;267;189
2020-06-14;8645;5859;630;185
2020-06-15;16388;11593;441;368
2020-06-16;10021;6855;508;217
2020-06-17;10419;7324;422;230
2020-06-18;11328;7943;573;261
2020-06-19;13667;9618;879;317
2020-06-20;6960;4704;642;152
2020-06-21;7315;4960;526;166
2020-06-22;4446;3022;319;95
2020-06-23;8013;5554;365;176
2020-06-24;5242;3538;383;110
2020-06-25;4878;3310;340;102
2020-06-26;9649;6663;713;218
2020-06-27;14827;10295;690;327
2020-06-28;11774;8013;527;253
2020-06-29;3375;2276;252;76
2020-06-30;6819;4672;452;143
2020-07-01;6332;4292;436;142
2020-07-02;6109;4125;343;131
2020-07-03;4363;2937;256;101
2020-07-04;7380;5108;412;161
2020-07-05;7272;5098;354;172
2020-07-06;4592;3111;390;101
2020-07-07;5742;3892;347;116
2020-07-08;7114;4943;304;156
2020-07-09;5881;4029;392;132
2020-07-10;5052;3409;332;118
2020-07-11;7173;4860;509;153
2020-07-12;18975;13061;778;423
2020-07-13;11708;8177;443;267
2020-07-14;14729;10647;595;355
2020-07-15;16777;12529;383;408
2020-07-16;5545;3734;511;134
2020-07-17;4565;3087;345;107
2020-07-18;5323;3669;425;126
2020-07-19;3109;2094;285;69
2020-07-20;4810;3259;294;105
2020-07-21;4615;3113;365;107
2020-07-22;4070;2797;385;92
2020-07-23;5721;3850;483;117
2020-07-24;6098;4209;475;132
2020-07-25;4323;2945;389;97
2020-07-26;6268;4387;299;145
2020-07-27;10333;7362;514;250
2020-07-28;6833;4745;379;154
2020-07-29;6788;4597;457;144
2020-07-30;8005;5427;453;177
2020-07-31;6562;4417;347;156
2020-08-01;8952;6077;320;197
2020-08-02;5532;3729;412;119
2020-08-03;7742;5228;634;163
2020-08-04;10180;7033;379;229
2020-08-05;7627;5347;373;170
2020-08-06;3874;2634;546;96
2020-08-07;10992;7828;391;249
2020-08-08;17165;12828;298;432
2020-08-09;8004;5524;549;183
2020-08-10;4887;3349;463;115
2020-08-11;12056;9627;4857;423
2020-08-12;3544;2402;255;80
2020-08-13;11958;8806;761;295
2020-08-14;8379;5679;624;181
2020-08-15;5808;3908;325;124
2020-08-16;10133;6907;740;220
2020-08-17;6136;4162;425;134
2020-08-18;7844;5328;705;186
2020-08-19;5077;3443;251;109
2020-08-20;5230;3532;336;110
2020-08-21;14430;10321;595;343
2020-08-22;11948;8545;338;283
2020-08-23;8531;5898;700;194
2020-08-24;8427;5889;436;198
2020-08-25;8438;5820;789;189
2020-08-26;6027;4064;507;134
2020-08-27;3919;2637;356;84
2020-08-28;5983;4088;565;134
2020-08-29;5975;4040;339;121
2020-08-30;9220;6236;547;200
2020-08-31;8753;6138;446;194
2020-09-01;9130;6332;647;216
2020-09-02;9260;6299;698;201
2020-09-03;7686;5465;685;193
2020-09-04;6991;4797;367;158
2020-09-05;11982;8146;521;257
2020-09-06;6115;4130;504;138
2020-09-07;4474;3063;351;112
2020-09-08;6931;5044;338;174
2020-09-09;3754;2550;316;91
2020-09-10;15906;11921;348;404
2020-09-11;6449;4484;388;151
2020-09-12;10573;7321;606;240
2020-09-13;4812;3243;432;108
2020-09-14;12402;8968;644;301
2020-09-15;12912;9138;832;296
2020-09-16;13438;9508;708;315
2020-09-17;7412;5248;485;171
2020-09-18;10019;6879;540;214
2020-09-19;27414;20104;471;665
2020-09-20;36071;25932;556;849
2020-09-21;15714;11628;424;387
2020-09-22;6107;4241;515;146
2020-09-23;5179;3567;320;112
2020-09-24;10948;7608;427;250
2020-09-25;19723;14142;677;458
2020-09-26;7547;5155;615;169
2020-09-27;3786;2566;357;81
2020-09-28;7845;5304;648;168
2020-09-29;3327;2274;294;76
2020-09-30;4447;3005;314;95
2020-10-01;4860;3413;337;110
2020-10-02;6149;4294;336;143
2020-10-03;8538;5935;532;188
2020-10-04;6257;4242;455;143
2020-10-05;10448;7538;311;252
2020-10-06;4443;3053;330;103
2020-10-07;11942;8887;556;300
2020-10-08;1730;1164;169;36
2020-10-09;14134;9971;606;337
2020-10-10;4666;3148;435;101
2020-10-11;5071;3447;372;112
2020-10-12;6173;4347;256;144
2020-10-13;11704;8652;457;285
2020-10-14;4607;3100;337;98
2020-10-15;6247;4563;457;157
2020-10-16;6375;4661;415;151
2020-10-17;4182;2887;337;89
2020-10-18;16180;12209;567;402
2020-10-19;7471;5317;464;170
2020-10-20;12555;9458;3455;362
2020-10-21;5760;4359;329;149
2020-10-22;9328;6699;464;214
2020-10-23;5713;3853;479;116
2020-10-24;14030;10334;301;338
2020-10-25;6049;4128;632;135
2020-10-26;5951;4037;563;122
2020-10-27;6069;4135;445;124
2020-10-28;12854;9429;416;310
2020-10-29;4836;3275;503;107
2020-10-30;14217;10472;412;340
2020-10-31;5776;3950;449;124
2020-11-01;2423;1637;322;55
2020-11-02;4852;3265;370;106
2020-11-03;2799;1883;234;58
2020-11-04;4480;3029;412;100
2020-11-05;12941;9755;462;325
2020-11-06;4175;2810;461;92
2020-11-07;4829;3489;295;111
2020-11-08;5377;3740;377;120
2020-11-09;4460;3016;444;104
2020-11-10;6602;4540;378;149
2020-11-11;4913;3324;488;104
2020-11-12;9493;6720;356;223
2020-11-13;7650;5315;578;177
2020-11-14;8681;6019;521;200
2020-11-15;11133;7892;456;267
2020-11-16;2283;1555;174;53
2020-11-17;6924;5116;383;168
2020-11-18;8551;6071;673;202
2020-11-19;5273;3655;457;125
2020-11-20;5646;3856;405;125
2020-11-21;8666;6017;378;196
2020-11-22;12462;9659;298;317
2020-11-23;8533;6055;552;201
2020-11-24;6941;4873;547;162
2020-11-25;5393;3746;423;120
2020-11-26;7105;4860;494;146
2020-11-27;10014;6985;809;230
2020-11-28;14616;10686;544;338
2020-11-29;17650;12989;737;423
2020-11-30;12114;8329;591;269
2020-12-01;9742;6648;595;206
2020-12-02;9153;6974;333;225
2020-12-03;6854;4812;398;151
2020-12-04;7490;5285;588;169
2020-12-05;6955;4960;421;166
2020-12-06;5643;3957;401;133
2020-12-07;8014;5717;583;184
2020-12-08;4923;3344;404;107
2020-12-09;4150;2814;457;86
2020-12-10;8185;5542;530;165
2020-12-11;7808;5646;355;177
2020-12-12;2864;1938;320;62
2020-12-13;4063;2740;367;81
2020-12-14;9195;6822;470;218
2020-12-15;5844;3983;433;125
2020-12-16;8335;5652;549;168
2020-12-17;21253;16148;636;524
2020-12-18;4786;3224;524;103
2020-12-19;6326;4474;440;142
2020-12-20;9011;6177;970;191
2020-12-21;7229;5446;261;178
2020-12-22;7458;5174;656;170
2020-12-23;8428;5714;689;176
2020-12-24;6157;4285;571;136
2020-12-25;7127;5107;388;158
2020-12-26;13757;10394;570;340
2020-12-27;5883;4006;414;128
2020-12-28;9739;7189;449;235
2020-12-29;2431;1653;271;50
2020-12-30;5295;3733;331;117
2020-12-31;9040;6258;557;202
2021-01-01;6559;4671;413;157
2021-01-02;2450;1661;255;52
2021-01-03;7642;5557;533;175
2021-01-04;7836;5499;641;185
2021-01-05;5899;4026;566;130
2021-01-06;3269;2200;339;73
2021-01-07;8312;6186;375;198
2021-01-08;8302;6022;455;193
2021-01-09;5830;3933;441;125
2021-01-10;10216;7123;382;232
2021-01-11;3932;2672;376;88
2021-01-12;7072;4973;423;159
2021-01-13;8713;6008;511;184
2021-01-14;6760;4548;628;141
2021-01-15;11349;7812;836;248
2021-01-16;9819;6840;632;215
2021-01-17;11162;7804;621;244
2021-01-18;7539;5202;383;160
2021-01-19;7225;4984;419;151
2021-01-20;7771;5294;597;167
2021-01-21;6111;4148;458;133
2021-01-22;11532;8392;323;272
2021-01-23;11617;8142;468;270
2021-01-24;2987;2020;358;64
2021-01-25;6177;4274;481;138
2021-01-26;7625;5165;481;162
2021-01-27;11542;7927;720;255
2021-01-28;19291;13548;785;424
2021-01-29;17431;11989;874;373
2021-01-30;4074;2789;473;92
2021-01-31;908;611;83;23
2021-02-01;5000;0;0;0
2021-02-02;5000;;;
2021-02-03;5000;;;
2021-02-04;5000;;;
2021-02-05;5000;;;
2021-02-06;5000;;;
2021-02-07;5000;;;
2021-02-08;5000;;;
2021-02-09;5000;;;
2021-02-10;15032;11137;421;365
2021-02-11;5804;3907;410;121
2021-02-12;9979;7001;706;227
2021-02-13;6299;4309;520;136
2021-02-14;10188;6994;658;221
2021-02-15;10308;7164;394;224
2021-02-16;11610;9038;279;296
2021-02-17;5317;3600;211;116
2021-02-18;2313;1581;213;50
2021-02-19;5661;3851;495;122
2021-02-20;12523;8722;482;285
2021-02-21;6381;4297;392;132
2021-02-22;6636;4772;333;156
2021-02-23;3126;2103;266;68
2021-02-24;11301;8141;394;254
2021-02-25;7114;4787;371;142
2021-02-26;6989;4738;634;145
2021-02-27;3523;2376;348;72
2021-02-28;13559;10024;420;331
2021-03-01;6180;4189;390;117
2021-03-02;5321;3665;362;114
2021-03-03;11520;8048;360;254
2021-03-04;7981;5799;396;185
2021-03-05;5041;3409;351;104
2021-03-06;6151;4168;456;125
2021-03-07;9717;7107;362;229
2021-03-08;4562;3106;400;94
2021-03-09;3423;2315;369;71
2021-03-10;3005;2022;305;66
2021-03-11;2288;1539;185;50
2021-03-12;14729;11256;536;366
2021-03-13;8357;5750;421;175
2021-03-14;4324;2909;396;89
2021-03-15;3475;2345;310;75
2021-03-16;8688;6301;240;205
2021-03-17;6964;4814;511;148
2021-03-18;3506;2462;272;82
2021-03-19;8606;6456;193;207
2021-03-20;10506;7309;642;231
2021-03-21;10610;7712;373;251
2021-03-22;13750;10188;297;331
2021-03-23;6635;4605;545;143
2021-03-24;2814;1899;341;57
2021-03-25;9509;6786;663;218
2021-03-26;8162;5660;664;180
2021-03-27;21713;15193;1015;468
2021-03-28;14372;10071;973;314
2021-03-29;13596;9575;952;317
2021-03-30;3862;2604;297;87
2021-03-31;3034;2048;301;62
2021-04-01;11850;8598;426;277
2021-04-02;2679;1807;301;58
2021-04-03;7685;5251;606;178
2021-04-04;4327;2998;346;96
2021-04-05;3698;2639;194;86
2021-04-06;16097;11679;449;382
2021-04-07;3939;2659;196;84
2021-04-08;13327;9845;354;317
2021-04-09;8197;5825;218;195
2021-04-10;5941;4003;495;126
2021-04-11;8878;6094;526;199
2021-04-12;5414;3684;532;123
2021-04-13;3772;2538;284;82
2021-04-14;10886;7679;628;240
2021-04-15;10295;7123;624;229
2021-04-16;7183;5154;389;166
2021-04-17;8527;5865;348;192
2021-04-18;9160;6401;349;212
2021-04-19;8989;6298;398;216
2021-04-20;11296;7936;507;244
2021-04-21;8703;6415;423;217
2021-04-22;14173;10828;304;368
2021-04-23;10407;7979;329;262
2021-04-24;12266;8912;647;295
2021-04-25;10083;6965;702;226
2021-04-26;6949;4706;588;144
2021-04-27;8663;6108;639;196
2021-04-28;4858;3306;316;109
2021-04-29;4465;3030;336;98
2021-04-30;10319;7502;474;244
2021-05-01;10037;6920;617;216
2021-05-02;6337;4345;514;147
2021-05-03;4113;2789;290;87
2021-05-04;7453;5177;436;162
2021-05-05;15553;11304;329;368
2021-05-06;6481;4442;596;147
2021-05-07;6680;4600;353;145
2021-05-08;13958;10300;465;336
2021-05-09;14490;10496;342;352
2021-05-10;15722;11215;538;357
2021-05-11;9856;6766;888;223
2021-05-12;2594;1745;203;51
2021-05-13;7494;5377;305;172
2021-05-14;10566;7161;500;212
2021-05-15;6600;4666;417;150
2021-05-16;8214;5646;510;174
2021-05-17;9240;6653;513;213
2021-05-18;4640;3196;340;95
2021-05-19;5000;;;
2021-05-20;5000;;;
2021-05-21;5000;;;
2021-05-22;5000;;;
2021-05-23;5000;;;
2021-05-24;5000;;;
2021-05-25;5000;;;
2021-05-26;5000;;;
2021-05-27;5000;;;
2021-05-28;5000;;;
2021-05-29;6913;5008;284;167
2021-05-30;2634;1780;211;61
2021-05-31;10301;7354;256;242
2021-06-01;3434;2332;259;76
2021-06-02;2866;1934;291;65
2021-06-03;11327;8209;488;263
2021-06-04;18068;13003;682;420
2021-06-05;2480;1677;185;51
2021-06-06;8688;6205;292;197
2021-06-07;3033;2041;332;62
2021-06-08;7554;5363;381;172
2021-06-09;16120;11768;419;388
2021-06-10;8445;5815;472;184
2021-06-11;15145;10297;850;324
2021-06-12;13148;9148;1231;295
2021-06-13;17328;12291;1692;403
2021-06-14;4215;2839;396;92
2021-06-15;1611;1084;96;31
2021-06-16;5837;4104;373;133
2021-06-17;8646;6041;290;186
2021-06-18;3793;2560;157;72
2021-06-19;5408;3923;173;126
2021-06-20;4350;2927;373;96
2021-06-21;4839;3302;468;105
2021-06-22;7490;5407;311;169
2021-06-23;4302;2928;266;91
2021-06-24;2667;1805;227;56
2021-06-25;11191;7955;425;262
2021-06-26;7562;5098;534;161
2021-06-27;5340;3637;303;114
2021-06-28;7524;5084;437;164
2021-06-29;3714;2505;232;77
2021-06-30;10671;7936;292;258
2021-07-01;5000;;;
2021-07-02;5000;;;
2021-07-03;5000;;;
2021-07-04;5000;;;
2021-07-05;5000;;;
2021-07-06;5000;;;
2021-07-07;5000;;;
2021-07-08;5000;;;
2021-07-09;5000;;;
2021-07-10;5000;;;
2021-07-11;5000;17;6;1
2021-07-12;6971;4867;467;155
2021-07-13;5522;3793;448;125
2021-07-14;5254;3537;371;111
2021-07-15;6392;4335;395;139
2021-07-16;7085;4995;346;157
2021-07-17;8821;6245;308;186
2021-07-18;2698;1833;300;63
2021-07-19;5029;3389;325;101
2021-07-20;4933;3382;379;110
2021-07-21;8290;5934;404;191
2021-07-22;8454;5873;543;181
2021-07-23;6608;4602;401;147
2021-07-24;18942;13784;675;463
2021-07-25;11899;8381;565;274
2021-07-26;9875;6843;580;235
2021-07-27;10741;8011;345;269
2021-07-28;6886;4975;257;204
2021-07-29;6269;4442;278;154
2021-07-30;5691;3988;447;158
2021-07-31;5496;3757;368;137
2021-08-01;7663;5381;322;191
2021-08-02;2710;1832;181;69
2021-08-03;5325;3726;250;135
2021-08-04;6300;4480;279;162
2021-08-05;4014;2762;172;101
2021-08-06;5459;3891;230;143
2021-08-07;4413;3029;287;111
2021-08-08;14453;10331;407;360
2021-08-09;5396;3867;332;163
2021-08-10;8647;6339;348;221
2021-08-11;10913;7521;175;253
2021-08-12;8562;6371;543;279
2021-08-13;9222;6801;487;236
2021-08-14;8842;6485;306;235
2021-08-15;5925;4152;402;148
2021-08-16;6442;4446;265;155
2021-08-17;9348;6751;219;236
2021-08-18;8394;6205;537;280
2021-08-19;12344;9223;502;329
2021-08-20;7911;5718;452;195
2021-08-21;6263;4534;466;173
2021-08-22;9085;6421;289;221
2021-08-23;5120;3473;226;117
2021-08-24;5224;3683;788;140
2021-08-25;8204;6371;267;223
2021-08-26;10360;7904;1185;298
2021-08-27;16765;12825;1585;467
2021-08-28;10527;7626;218;267
2021-08-29;16828;12313;643;502
2021-08-30;10230;7476;727;269
2021-08-31;10203;7127;294;244
2021-09-01;10691;8061;358;289
2021-09-02;10258;7654;352;271
2021-09-03;10331;7397;700;284
2021-09-04;13555;9746;930;348
2021-09-05;13111;9280;945;509
2021-09-06;10148;7791;491;274
2021-09-07;11006;8191;207;285
2021-09-08;10956;8385;456;379
2021-09-09;11183;8515;297;289
2021-09-10;10308;7766;229;269
2021-09-11;10270;7406;453;267
2021-09-12;10791;8093;305;288
2021-09-13;10391;7640;354;270
2021-09-14;10193;7481;517;268
2021-09-15;10786;8261;384;298
2021-09-16;10008;7550;337;276
2021-09-17;10064;7605;345;268
2021-09-18;10724;7956;410;278
2021-09-19;12560;9060;863;312
2021-09-20;13188;9932;568;343
2021-09-21;10057;7866;213;278
2021-09-22;10831;8107;253;285
2021-09-23;10314;7786;420;283
2021-09-24;10811;8115;446;287
2021-09-25;10226;7423;386;270
2021-09-26;10055;7364;290;263
2021-09-27;10705;7992;506;283
2021-09-28;10272;7705;176;261
2021-09-29;10617;7642;305;267
2021-09-30;10153;7540;156;261
2021-10-01;10299;7404;618;257
2021-10-02;10867;8063;310;292
2021-10-03;10796;7991;204;269
2021-10-04;11196;8174;293;292
2021-10-05;10669;7816;266;279
2021-10-06;10452;7938;218;274
2021-10-07;10594;8271;166;289
2021-10-08;16675;12403;371;429
2021-10-09;11161;8036;302;281
2021-10-10;12918;9370;902;336
2021-10-11;10315;7635;520;267
2021-10-12;11860;8480;225;390
2021-10-13;10334;7746;271;268
2021-10-14;11126;8501;279;300
2021-10-15;10279;7180;834;252
2021-10-16;11065;8277;495;289
2021-10-17;10523;8019;400;290
2021-10-18;11553;8504;282;299
2021-10-19;10425;7654;442;274
2021-10-20;10089;7559;388;285
2021-10-21;10618;7538;485;275
2021-10-22;10567;8275;702;299
2021-10-23;10888;7851;435;280
2021-10-24;10463;7743;737;284
2021-10-25;10845;8044;363;288
2021-10-26;12171;8787;415;317
2021-10-27;10107;7451;306;256
2021-10-28;10101;7695;366;268
2021-10-29;10221;7473;498;271
2021-10-30;10199;7332;374;259
2021-10-31;10716;7991;404;291
2021-11-01;11570;8479;402;312
2021-11-02;10054;7367;635;259
2021-11-03;10250;7447;570;271
2021-11-04;14385;10321;586;370
2021-11-05;13306;9976;1235;345
2021-11-06;13232;9825;494;350
2021-11-07;10037;7393;642;274
2021-11-08;12036;8879;396;323
2021-11-09;10288;7723;443;280
2021-11-10;10075;7535;286;257
2021-11-11;12174;9123;1686;348
2021-11-12;11660;8772;345;305
2021-11-13;10642;7386;401;269
2021-11-14;10393;7355;538;286
2021-11-15;11421;8930;1146;331
2021-11-16;11523;8168;480;288
2021-11-17;10506;7504;540;278
2021-11-18;11644;8446;655;323
2021-11-19;10001;7400;306;265
2021-11-20;13336;9072;721;301
2021-11-21;11975;8883;389;304
2021-11-22;11096;8179;431;310
2021-11-23;10006;7063;448;244
2021-11-24;10457;7754;398;289
2021-11-25;10676;7919;695;295
2021-11-26;10075;7273;426;263
2021-11-27;10546;7713;321;269
2021-11-28;12568;9050;813;321
2021-11-29;10542;7873;274;278
2021-11-30;11138;8085;423;301
2021-12-01;10284;7747;404;286
2021-12-02;10095;7334;498;274
2021-12-03;10362;7769;422;280
2021-12-04;15955;11737;1102;424
2021-12-05;11461;8723;523;306
2021-12-06;10592;8157;299;284
2021-12-07;10680;7964;243;282
2021-12-08;10809;8086;436;284
2021-12-09;10034;7761;715;278
2021-12-10;10633;7800;846;277
2021-12-11;10636;8144;329;285
2021-12-12;10396;7900;209;280
2021-12-13;13052;9693;780;355
2021-12-14;10313;7878;238;274
2021-12-15;10692;8601;163;305
2021-12-16;10063;7583;178;269
2021-12-17;11012;8084;476;288
2021-12-18;10033;7918;219;273
2021-12-19;10299;7869;364;280
2021-12-20;12011;8907;522;313
2021-12-21;10615;8017;599;303
2021-12-22;10964;8584;399;306
2021-12-23;11159;8992;246;318
2021-12-24;11485;8516;432;306
2021-12-25;10466;8230;487;291
2021-12-26;10619;8242;338;292
2021-12-27;13599;10365;1740;389
2021-12-28;10579;7825;348;284
2021-12-29;10172;8065;342;291
2021-12-30;10322;7895;428;296
2021-12-31;10400;7872;399;284
2022-01-01;12236;8717;451;313
2022-01-02;10437;7243;560;266
2022-01-03;10639;8042;344;288
2022-01-04;14110;10411;374;370
2022-01-05;12101;9121;664;327
2022-01-06;10022;7600;367;270
2022-01-07;10027;7691;193;268
2022-01-08;11260;8353;381;293
2022-01-09;10449;7665;442;268
2022-01-10;11072;8188;639;286
2022-01-11;8220;6627;3251;281
2022-01-12;5987;4173;254;144
2022-01-13;5723;3959;248;137
2022-01-14;5117;3576;271;131
2022-01-15;9531;6884;897;242
2022-01-16;14491;10975;377;384
2022-01-17;7639;5437;428;213
2022-01-18;4393;2988;369;122
2022-01-19;6999;4938;441;182
2022-01-20;10099;7436;385;272
2022-01-21;13892;10334;535;364
2022-01-22;6532;4695;360;178
2022-01-23;20215;15783;573;536
2022-01-24;10036;7322;280;253
2022-01-25;4608;3244;292;119
2022-01-26;12357;8830;392;313
2022-01-27;6813;4723;391;170
2022-01-28;8030;5811;343;214
2022-01-29;3047;2069;492;83
2022-01-30;12059;8866;319;304
2022-01-31;2133;1437;266;64
2022-02-01;2968;1997;294;73
2022-02-02;6151;4348;369;152
2022-02-03;7106;4973;508;182
2022-02-04;8160;6047;291;212
2022-02-05;5799;4100;306;141
2022-02-06;4577;3084;283;113
2022-02-07;5183;3515;310;122
2022-02-08;6791;4868;325;182
2022-02-09;5828;4207;270;154
2022-02-10;11233;8316;508;294
2022-02-11;6063;4396;1115;177
2022-02-12;2919;1967;289;73
2022-02-13;5762;4007;293;146
2022-02-14;8229;5783;435;208
2022-02-15;4725;3300;312;123
2022-02-16;2325;1571;239;57
2022-02-17;3093;2110;301;78
2022-02-18;5859;4246;609;155
2022-02-19;3621;2438;312;95
2022-02-20;9186;6387;261;221
2022-02-21;6197;4437;389;161
2022-02-22;6892;5048;402;183
2022-02-23;10081;7388;370;250
2022-02-24;11918;8349;573;291
2022-02-25;9817;6765;426;253
2022-02-26;18567;13384;395;469
2022-02-27;17743;13371;269;465
2022-02-28;9443;7213;220;260
2022-03-01;15476;11917;278;412
2022-03-02;2902;2003;304;86
2022-03-03;5928;4282;240;163
2022-03-04;949;639;179;39
2022-03-05;965;649;215;37
2022-03-06;4258;3030;163;116
2022-03-07;6479;4544;194;168
2022-03-08;6078;4194;276;159
2022-03-09;11259;8068;183;279
2022-03-10;6542;4856;181;176
2022-03-11;10124;7471;229;271
2022-03-12;11722;8513;463;293
2022-03-13;12180;9235;277;328
2022-03-14;11601;8620;117;298
2022-03-15;10583;7720;275;281
2022-03-16;12855;9451;205;338
2022-03-17;10491;7714;271;279
2022-03-18;10055;7183;246;253
2022-03-19;2260;1617;224;71
2022-03-20;11390;8436;329;304
2022-03-21;4276;3232;159;125
2022-03-22;10730;7474;180;259
2022-03-23;11807;8771;294;316
2022-03-24;10005;7645;359;278
2022-03-25;11876;8969;240;321
2022-03-26;7303;5572;394;213
2022-03-27;10592;7731;133;270
2022-03-28;10014;7165;371;251
2022-03-29;13469;9715;327;338
2022-03-30;10006;7441;296;269
2022-03-31;6392;4824;340;181
2022-04-01;7756;5940;426;216
2022-04-02;10055;7449;225;265
2022-04-03;12014;8931;329;321
2022-04-04;9041;6586;186;234
2022-04-05;10050;7366;185;265
2022-04-06;10305;7524;180;268
2022-04-07;10043;7107;255;252
2022-04-08;8992;6404;213;234
2022-04-09;3127;2317;243;97
2022-04-10;10034;7067;183;249
2022-04-11;11065;8341;253;297
2022-04-12;8661;6140;218;222
2022-04-13;10052;7170;175;254
2022-04-14;10411;7415;156;259
2022-04-15;10398;7312;207;258
2022-04-16;10030;7398;279;270
2022-04-17;10031;7092;298;258
2022-04-18;5640;3923;277;149
2022-04-19;10152;7137;299;247
2022-04-20;10064;7160;234;255
2022-04-21;6926;5144;259;190
2022-04-22;10765;7689;340;283
2022-04-23;8092;5488;540;196
2022-04-24;4227;2853;379;121
2022-04-25;6689;4511;336;158
2022-04-26;4746;3264;466;130
2022-04-27;10028;7005;824;245
2022-04-28;6016;4059;355;207
2022-04-29;7649;5345;762;192
2022-04-30;7398;5029;488;181
2022-05-01;3973;2708;206;98
2022-05-02;8094;5488;410;185
2022-05-03;4747;3270;977;122
2022-05-04;5897;4059;344;215
2022-05-05;6190;4268;536;162
2022-05-06;6191;4376;710;164
2022-05-07;9446;6477;479;220
2022-05-08;10664;7232;669;245
2022-05-09;5878;4046;503;154
2022-05-10;8838;6074;1223;215
2022-05-11;6426;4356;504;161
2022-05-12;5119;3532;545;130
2022-05-13;4190;2845;342;104
2022-05-14;10224;7111;566;250
2022-05-15;6228;4216;384;161
2022-05-16;5417;3684;436;137
2022-05-17;3689;2482;407;96
2022-05-18;4328;3132;309;125
2022-05-19;6491;4388;569;171
2022-05-20;10313;7625;559;273
2022-05-21;8257;6087;533;228
2022-05-22;10951;7584;578;269
2022-05-23;11751;8850;472;310
2022-05-24;10451;8064;300;291
2022-05-25;4834;3262;367;127
2022-05-26;6437;4492;392;162
2022-05-27;5138;3492;356;123
2022-05-28;2997;2017;282;74
2022-05-29;10394;7150;661;250
2022-05-30;5205;3630;380;136
2022-05-31;5608;3987;664;153
2022-06-01;6524;4452;364;151
2022-06-02;5580;3800;458;131
2022-06-03;5681;3851;481;137
2022-06-04;5502;4015;1554;150
2022-06-05;5798;3942;327;138
2022-06-06;6201;4406;293;151
2022-06-07;10640;8020;384;285
2022-06-08;7014;4996;313;183
2022-06-09;7410;5149;410;182
2022-06-10;6188;4215;324;159
2022-06-11;6695;4842;203;167
2022-06-12;6466;4783;322;170
2022-06-13;3045;2052;404;93
2022-06-14;4134;2787;290;100
2022-06-15;5067;3428;376;126
2022-06-16;12088;8354;397;296
2022-06-17;4490;3177;358;126
2022-06-18;10136;6907;347;231
2022-06-19;5688;4108;153;141
2022-06-20;5570;3879;261;131
2022-06-21;5013;3542;429;134
2022-06-22;4643;3160;358;113
2022-06-23;6619;4474;312;163
2022-06-24;3746;2541;223;91
2022-06-25;3150;2127;322;92
2022-06-26;4171;2806;342;110
2022-06-27;7306;5127;594;185
2022-06-28;3830;2578;372;103
2022-06-29;4576;3114;403;124
2022-06-30;4080;2762;343;108
2022-07-01;3105;2089;358;96
2022-07-02;6727;4567;422;165
2022-07-03;7088;4813;385;171
2022-07-04;4622;3155;338;121
2022-07-05;7145;4947;472;179
2022-07-06;4020;2724;288;103
2022-07-07;5865;4074;382;155
2022-07-08;8072;5524;467;198
2022-07-09;5305;3573;343;133
2022-07-10;8522;5786;549;212
2022-07-11;3278;2206;359;96
2022-07-12;2880;1950;379;85
2022-07-13;5166;3517;449;137
2022-07-14;7625;5248;480;201
2022-07-15;6200;4360;267;215
2022-07-16;7791;5305;412;256
2022-07-17;4122;2792;347;140
2022-07-18;4738;3216;316;180
2022-07-19;4600;3151;397;283
2022-07-20;7793;5306;675;253
2022-07-21;5365;3651;445;293
2022-07-22;6708;4651;319;296
2022-07-23;7521;5114;511;514
2022-07-24;3620;2500;392;91
2022-07-25;2432;1662;360;79
2022-07-26;7622;5214;506;180
2022-07-27;4392;2963;352;120
2022-07-28;6389;4429;405;235
2022-07-29;7614;5204;578;185
2022-07-30;7114;4848;337;210
2022-07-31;7023;4730;263;230
2022-08-01;10264;7250;815;335
2022-08-02;5074;3510;416;138
2022-08-03;7150;4900;381;246
2022-08-04;5273;3566;497;154
2022-08-05;7953;5399;542;207
2022-08-06;8147;5576;682;206
2022-08-07;5434;3666;335;134
2022-08-08;7152;4863;614;182
2022-08-09;8076;5639;481;254
2022-08-10;4501;3044;560;132
2022-08-11;5962;4145;508;169
2022-08-12;5900;4070;501;217
2022-08-13;7669;5297;570;206
2022-08-14;20882;15399;580;605
2022-08-15;8289;6042;359;228
2022-08-16;11909;8838;503;315
2022-08-17;10057;7272;331;338
2022-08-18;5622;4066;446;265
2022-08-19;4190;2819;477;125
2022-08-20;5771;4017;343;152
2022-08-21;4865;3314;414;197
2022-08-22;4177;2826;340;120
2022-08-23;6767;4809;324;271
2022-08-24;7070;4957;345;318
2022-08-25;5347;3834;295;150
2022-08-26;7494;5390;385;272
2022-08-27;7442;5496;508;271
2022-08-28;10303;7522;438;275
2022-08-29;10170;7516;269;354
2022-08-30;10131;7730;260;277
2022-08-31;5885;4399;666;243
2022-09-01;10101;7820;536;289
2022-09-02;5600;4102;640;283
2022-09-03;5372;3817;476;162
2022-09-04;11234;8263;320;300
2022-09-05;10338;7870;338;286
2022-09-06;10122;7850;316;287
